index,category
0,0
1,2
2,1
3,0
4,2
5,2
6,1
7,1
8,1
9,2
10,1
11,0
12,1
13,2
14,1
15,1
16,2
17,1
18,0
19,2
20,0
21,0
22,1
23,2
24,1
25,1
26,0
27,2
28,1
29,0
30,2
31,0
32,1
33,0
34,0
35,2
36,0
37,1
38,1
39,2
40,2
41,1
42,1
43,1
44,0
45,2
46,0
47,0
48,0
49,1
50,2
51,0
52,0
53,2
54,0
55,0
56,0
57,0
58,2
59,2
60,2
61,0
62,1
63,2
64,2
65,1
66,0
67,1
68,0
69,1
70,0
71,0
72,0
73,1
74,1
75,0
76,2
77,0
78,0
79,2
80,1
81,0
82,2
83,2
84,1
85,2
86,1
87,1
88,0
89,2
90,2
91,0
92,1
93,1
94,1
95,0
96,2
97,2
98,2
99,2
100,2
101,2
102,0
103,1
104,0
105,2
106,1
107,2
108,1
109,0
110,1
111,1
112,0
113,2
114,2
115,0
116,0
117,1
118,1
119,2
120,0
121,1
122,0
123,1
124,0
125,1
126,0
127,1
128,2
129,2
130,2
131,2
132,0
133,1
134,0
135,1
136,1
137,1
138,0
139,0
140,0
141,2
142,2
143,2
144,0
145,2
146,1
147,2
148,1
149,1
150,2
151,2
152,1
153,2
154,1
155,0
156,2
157,0
158,1
159,1
160,2
161,2
162,0
163,0
164,1
165,2
166,2
167,1
168,0
169,0
170,2
171,0
172,1
173,0
174,0
175,0
176,0
177,0
178,1
179,2
180,1
181,0
182,0
183,2
184,1
185,1
186,0
187,2
188,1
189,2
190,0
191,2
192,2
193,1
194,1
195,0
196,0
197,2
198,2
199,0
200,1
201,1
202,1
203,2
204,0
205,0
206,0
207,1
208,2
209,2
210,0
211,1
212,2
213,1
214,0
215,1
216,0
217,0
218,2
219,0
220,1
221,1
222,2
223,1
224,2
225,1
226,2
227,2
228,1
229,1
230,0
231,0
232,1
233,0
234,1
235,2
236,0
237,1
238,1
239,0
240,2
241,0
242,2
243,1
244,0
245,2
246,1
247,2
248,1
249,1
250,1
251,1
252,2
253,2
254,1
255,0
256,1
257,0
258,2
259,2
260,0
261,2
262,1
263,2
264,2
265,0
266,0
267,1
268,2
269,1
270,2
271,0
272,2
273,2
274,1
275,2
276,2
277,2
278,2
279,1
280,0
281,0
282,0
283,0
284,1
285,2
286,1
287,0
288,0
289,0
290,0
291,1
292,0
293,2
294,2
295,2
296,1
297,0
298,1
299,2
300,2
301,1
302,0
303,0
304,2
305,0
306,2
307,2
308,0
309,0
310,0
311,2
312,1
313,0
314,2
315,0
316,2
317,0
318,2
319,0
320,0
321,2
322,2
323,0
324,0
325,0
326,2
327,1
328,0
329,1
330,0
331,0
332,0
333,0
334,0
335,1
336,1
337,1
338,0
339,0
340,1
341,2
342,2
343,2
344,0
345,2
346,1
347,0
348,1
349,1
350,2
351,2
352,1
353,0
354,0
355,1
356,1
357,2
358,1
359,0
360,0
361,1
362,2
363,2
364,1
365,2
366,1
367,0
368,0
369,0
370,0
371,1
372,2
373,0
374,1
375,0
376,2
377,2
378,0
379,2
380,2
381,1
382,0
383,0
384,0
385,2
386,2
387,2
388,2
389,0
390,2
391,2
392,1
393,1
394,1
395,0
396,0
397,2
398,0
399,0
400,1
401,2
402,0
403,1
404,2
405,2
406,0
407,2
408,1
409,0
410,2
411,0
412,0
413,2
414,2
415,1
416,0
417,1
418,2
419,0
420,2
421,2
422,2
423,1
424,2
425,1
426,1
427,0
428,0
429,1
430,0
431,2
432,2
433,2
434,0
435,0
436,0
437,1
438,1
439,0
440,0
441,0
442,2
443,0
444,0
445,2
446,0
447,0
448,1
449,2
450,2
451,0
452,1
453,1
454,1
455,0
456,0
457,2
458,0
459,2
460,2
461,2
462,2
463,1
464,2
465,2
466,2
467,1
468,2
469,2
470,1
471,2
472,0
473,1
474,1
475,1
476,0
477,0
478,1
479,2
480,0
481,2
482,2
483,2
484,1
485,1
486,0
487,1
488,0
489,2
490,1
491,0
492,2
493,2
494,0
495,0
496,0
497,2
498,1
499,1
500,1
501,1
502,2
503,0
504,1
505,2
506,2
507,0
508,1
509,2
510,2
511,1
512,1
513,1
514,0
515,1
516,0
517,0
518,0
519,2
520,0
521,1
522,0
523,2
524,2
525,0
526,1
527,1
528,0
529,1
530,2
531,2
532,1
533,1
534,2
535,2
536,2
537,1
538,2
539,1
540,0
541,2
542,2
543,0
544,2
545,0
546,1
547,2
548,0
549,0
550,1
551,2
552,2
553,2
554,1
555,1
556,0
557,2
558,0
559,2
560,0
561,0
562,1
563,1
564,2
565,2
566,2
567,1
568,1
569,0
570,0
571,2
572,1
573,1
574,0
575,0
576,0
577,1
578,0
579,2
580,1
581,1
582,1
583,2
584,1
585,0
586,2
587,0
588,0
589,1
590,1
591,2
592,1
593,1
594,0
595,2
596,2
597,1
598,1
599,2
600,0
601,1
602,1
603,2
604,1
605,1
606,1
607,0
608,0
609,0
610,1
611,2
612,1
613,1
614,0
615,1
616,0
617,1
618,1
619,2
620,2
621,1
622,1
623,0
624,0
625,2
626,0
627,0
628,0
629,2
630,0
631,0
632,0
633,2
634,1
635,0
636,1
637,1
638,2
639,1
640,0
641,2
642,2
643,0
644,2
645,1
646,2
647,0
648,2
649,0
650,1
651,1
652,1
653,1
654,1
655,0
656,0
657,2
658,1
659,1
660,0
661,0
662,2
663,0
664,2
665,1
666,0
667,0
668,2
669,1
670,0
671,2
672,0
673,1
674,1
675,1
676,0
677,1
678,0
679,1
680,1
681,2
682,1
683,2
684,0
685,2
686,2
687,2
688,0
689,2
690,2
691,0
692,0
693,0
694,2
695,1
696,1
697,2
698,2
699,2
700,0
701,2
702,0
703,2
704,2
705,1
706,1
707,0
708,2
709,1
710,0
711,2
712,1
713,2
714,0
715,1
716,0
717,0
718,0
719,0
720,2
721,2
722,0
723,0
724,0
725,0
726,0
727,2
728,1
729,0
730,2
731,1
732,1
733,0
734,0
735,0
736,2
737,1
738,2
739,2
740,2
741,0
742,2
743,0
744,2
745,1
746,0
747,2
748,2
749,2
750,2
751,0
752,2
753,0
754,2
755,2
756,2
757,0
758,2
759,0
760,2
761,1
762,2
763,1
764,0
765,1
766,0
767,0
768,0
769,2
770,2
771,1
772,0
773,1
774,0
775,0
776,0
777,0
778,0
779,1
780,2
781,1
782,2
783,0
784,2
785,2
786,2
787,1
788,0
789,2
790,1
791,0
792,2
793,2
794,0
795,2
796,2
797,0
798,1
799,0
800,2
801,1
802,2
803,0
804,0
805,2
806,1
807,2
808,0
809,2
810,2
811,2
812,2
813,1
814,0
815,2
816,0
817,1
818,1
819,1
820,1
821,0
822,0
823,2
824,1
825,0
826,1
827,2
828,1
829,1
830,0
831,2
832,1
833,2
834,0
835,1
836,2
837,1
838,2
839,0
840,1
841,2
842,2
843,0
844,0
845,0
846,0
847,2
848,0
849,0
850,2
851,0
852,0
853,0
854,1
855,2
856,2
857,1
858,0
859,2
860,0
861,1
862,0
863,1
864,1
865,2
866,2
867,2
868,1
869,1
870,2
871,0
872,1
873,1
874,2
875,1
876,2
877,2
878,0
879,0
880,0
881,0
882,1
883,2
884,2
885,0
886,1
887,2
888,2
889,1
890,0
891,0
892,1
893,0
894,2
895,1
896,1
897,1
898,1
899,0
900,2
901,0
902,2
903,1
904,1
905,2
906,2
907,1
908,2
909,1
910,1
911,2
912,1
913,0
914,0
915,1
916,1
917,1
918,0
919,1
920,1
921,1
922,0
923,0
924,2
925,2
926,1
927,1
928,0
929,2
930,1
931,2
932,2
933,2
934,0
935,0
936,1
937,0
938,2
939,0
940,1
941,2
942,2
943,2
944,2
945,2
946,1
947,2
948,2
949,0
950,2
951,1
952,2
953,1
954,0
955,0
956,1
957,2
958,0
959,1
960,2
961,1
962,0
963,0
964,2
965,1
966,0
967,0
968,1
969,2
970,1
971,1
972,0
973,0
974,1
975,2
976,2
977,0
978,2
979,1
980,1
981,1
982,1
983,2
984,2
985,0
986,0
987,2
988,0
989,2
990,0
991,2
992,1
993,1
994,1
995,1
996,0
997,1
998,0
999,2
1000,1
1001,0
1002,2
1003,1
1004,2
1005,2
1006,0
1007,2
1008,0
1009,0
1010,1
1011,1
1012,2
1013,2
1014,1
1015,1
1016,1
1017,0
1018,0
1019,2
1020,1
1021,1
1022,2
1023,1
1024,0
1025,1
1026,2
1027,1
1028,0
1029,0
1030,2
1031,1
1032,0
1033,1
1034,1
1035,2
1036,1
1037,2
1038,0
1039,1
1040,1
1041,1
1042,0
1043,2
1044,0
1045,1
1046,1
1047,1
1048,2
1049,1
1050,0
1051,0
1052,2
1053,0
1054,0
1055,1
1056,0
1057,0
1058,0
1059,2
1060,2
1061,0
1062,2
1063,1
1064,2
1065,2
1066,2
1067,1
1068,0
1069,0
1070,1
1071,1
1072,1
1073,2
1074,2
1075,1
1076,0
1077,1
1078,2
1079,2
1080,2
1081,0
1082,0
1083,1
1084,0
1085,1
1086,1
1087,0
1088,0
1089,1
1090,0
1091,0
1092,1
1093,1
1094,1
1095,2
1096,1
1097,2
1098,2
1099,1
1100,2
1101,2
1102,0
1103,1
1104,2
1105,1
1106,2
1107,0
1108,1
1109,0
1110,0
1111,0
1112,0
1113,0
1114,2
1115,2
1116,1
1117,1
1118,2
1119,1
1120,0
1121,0
1122,1
1123,2
1124,2
1125,2
1126,0
1127,0
1128,0
1129,1
1130,2
1131,0
1132,1
1133,1
1134,2
1135,0
1136,2
1137,1
1138,0
1139,1
1140,0
1141,2
1142,0
1143,0
1144,0
1145,1
1146,0
1147,0
1148,1
1149,2
1150,1
1151,0
1152,1
1153,0
1154,2
1155,0
1156,2
1157,2
1158,1
1159,0
1160,1
1161,0
1162,0
1163,1
1164,0
1165,1
1166,0
1167,1
1168,2
1169,0
1170,1
1171,0
1172,1
1173,0
1174,0
1175,0
1176,0
1177,0
1178,2
1179,0
1180,1
1181,0
1182,1
1183,0
1184,1
1185,1
1186,1
1187,2
1188,0
1189,2
1190,2
1191,1
1192,0
1193,1
1194,0
1195,1
1196,2
1197,0
1198,1
1199,0
1200,1
1201,2
1202,2
1203,2
1204,0
1205,2
1206,0
1207,2
1208,0
1209,0
1210,2
1211,2
1212,0
1213,1
1214,0
1215,1
1216,2
1217,0
1218,1
1219,1
1220,0
1221,2
1222,1
1223,2
1224,0
1225,1
1226,0
1227,2
1228,0
1229,1
1230,2
1231,0
1232,0
1233,1
1234,2
1235,0
1236,2
1237,1
1238,1
1239,2
1240,1
1241,1
1242,1
1243,1
1244,1
1245,0
1246,2
1247,2
1248,2
1249,1
1250,2
1251,0
1252,1
1253,2
1254,2
1255,2
1256,2
1257,1
1258,0
1259,1
1260,0
1261,1
1262,1
1263,2
1264,0
1265,0
1266,2
1267,0
1268,0
1269,0
1270,1
1271,2
1272,0
1273,0
1274,0
1275,0
1276,1
1277,0
1278,0
1279,1
1280,2
1281,0
1282,0
1283,1
1284,1
1285,0
1286,1
1287,2
1288,0
1289,1
1290,0
1291,2
1292,1
1293,2
1294,0
1295,1
1296,2
1297,0
1298,2
1299,2
1300,2
1301,2
1302,1
1303,0
1304,1
1305,2
1306,2
1307,1
1308,2
1309,1
1310,1
1311,2
1312,1
1313,1
1314,1
1315,1
1316,1
1317,1
1318,0
1319,0
1320,0
1321,0
1322,2
1323,1
1324,0
1325,2
1326,2
1327,2
1328,2
1329,1
1330,2
1331,2
1332,2
1333,0
1334,0
1335,1
1336,1
1337,2
1338,0
1339,0
1340,2
1341,0
1342,2
1343,2
1344,2
1345,2
1346,1
1347,2
1348,2
1349,1
1350,0
1351,1
1352,1
1353,0
1354,2
1355,2
1356,2
1357,2
1358,0
1359,2
1360,0
1361,2
1362,2
1363,1
1364,2
1365,1
1366,0
1367,1
1368,1
1369,1
1370,0
1371,0
1372,2
1373,1
1374,0
1375,2
1376,0
1377,0
1378,2
1379,0
1380,2
1381,0
1382,2
1383,0
1384,1
1385,1
1386,0
1387,0
1388,2
1389,0
1390,2
1391,1
1392,1
1393,2
1394,0
1395,0
1396,1
1397,0
1398,0
1399,0
1400,0
1401,1
1402,0
1403,1
1404,2
1405,1
1406,1
1407,1
1408,2
1409,1
1410,0
1411,1
1412,0
1413,2
1414,1
1415,1
1416,0
1417,0
1418,0
1419,2
1420,1
1421,1
1422,1
1423,2
1424,1
1425,1
1426,2
1427,1
1428,0
1429,0
1430,1
1431,0
1432,0
1433,1
1434,1
1435,2
1436,0
1437,2
1438,2
1439,0
1440,0
1441,1
1442,0
1443,0
1444,1
1445,2
1446,2
1447,2
1448,1
1449,1
1450,1
1451,1
1452,0
1453,0
1454,1
1455,2
1456,1
1457,1
1458,2
1459,2
1460,0
1461,1
1462,0
1463,1
1464,2
1465,0
1466,0
1467,2
1468,0
1469,1
1470,0
1471,0
1472,2
1473,0
1474,0
1475,0
1476,0
1477,2
1478,0
1479,0
1480,0
1481,2
1482,2
1483,1
1484,1
1485,1
1486,2
1487,2
1488,0
1489,0
1490,2
1491,0
1492,0
1493,0
1494,2
1495,1
1496,1
1497,0
1498,0
1499,2
1500,1
1501,1
1502,0
1503,1
1504,0
1505,1
1506,2
1507,2
1508,1
1509,2
1510,2
1511,1
1512,1
1513,2
1514,1
1515,1
1516,0
1517,0
1518,1
1519,0
1520,2
1521,0
1522,0
1523,2
1524,1
1525,0
1526,0
1527,1
1528,1
1529,1
1530,1
1531,0
1532,1
1533,2
1534,2
1535,0
1536,2
1537,2
1538,1
1539,1
1540,2
1541,0
1542,0
1543,2
1544,1
1545,1
1546,1
1547,1
1548,0
1549,0
1550,0
1551,0
1552,1
1553,0
1554,1
1555,1
1556,2
1557,1
1558,2
1559,1
1560,2
1561,0
1562,2
1563,1
1564,2
1565,1
1566,0
1567,2
1568,0
1569,1
1570,1
1571,1
1572,1
1573,0
1574,2
1575,0
1576,0
1577,1
1578,2
1579,0
1580,1
1581,1
1582,2
1583,0
1584,2
1585,0
1586,2
1587,0
1588,0
1589,1
1590,1
1591,1
1592,2
1593,1
1594,2
1595,1
1596,1
1597,2
1598,2
1599,2
1600,1
1601,0
1602,1
1603,2
1604,1
1605,0
1606,0
1607,2
1608,1
1609,0
1610,2
1611,1
1612,1
1613,2
1614,2
1615,2
1616,2
1617,2
1618,0
1619,1
1620,0
1621,2
1622,2
1623,0
1624,0
1625,0
1626,0
1627,2
1628,1
1629,1
1630,2
1631,0
1632,1
1633,2
1634,0
1635,2
1636,2
1637,2
1638,1
1639,1
1640,1
1641,2
1642,2
1643,0
1644,2
1645,0
1646,2
1647,1
1648,2
1649,2
1650,1
1651,0
1652,2
1653,2
1654,2
1655,2
1656,0
1657,1
1658,2
1659,1
1660,0
1661,1
1662,1
1663,0
1664,0
1665,0
1666,2
1667,0
1668,1
1669,2
1670,2
1671,2
1672,2
1673,1
1674,0
1675,2
1676,2
1677,1
1678,0
1679,0
1680,2
1681,0
1682,1
1683,2
1684,0
1685,0
1686,1
1687,1
1688,0
1689,2
1690,1
1691,0
1692,1
1693,2
1694,0
1695,2
1696,0
1697,0
1698,0
1699,0
1700,2
1701,2
1702,0
1703,0
1704,0
1705,2
1706,2
1707,1
1708,0
1709,1
1710,1
1711,1
1712,1
1713,2
1714,1
1715,1
1716,0
1717,1
1718,2
1719,0
1720,1
1721,2
1722,1
1723,1
1724,2
1725,1
1726,2
1727,2
1728,2
1729,0
1730,2
1731,2
1732,2
1733,2
1734,1
1735,1
1736,1
1737,0
1738,0
1739,1
1740,0
1741,2
1742,2
1743,2
1744,0
1745,0
1746,2
1747,1
1748,1
1749,1
1750,0
1751,0
1752,0
1753,2
1754,0
1755,0
1756,2
1757,0
1758,1
1759,0
1760,0
1761,0
1762,2
1763,1
1764,2
1765,2
1766,1
1767,0
1768,0
1769,1
1770,0
1771,0
1772,1
1773,0
1774,1
1775,2
1776,0
1777,2
1778,1
1779,0
1780,0
1781,2
1782,0
1783,2
1784,1
1785,1
1786,2
1787,0
1788,0
1789,0
1790,0
1791,1
1792,0
1793,1
1794,2
1795,1
1796,0
1797,1
1798,0
1799,1
1800,0
1801,0
1802,0
1803,0
1804,2
1805,1
1806,1
1807,1
1808,0
1809,2
1810,2
1811,2
1812,0
1813,0
1814,1
1815,2
1816,2
1817,2
1818,2
1819,0
1820,1
1821,2
1822,0
1823,0
1824,1
1825,1
1826,1
1827,1
1828,2
1829,0
1830,0
1831,2
1832,1
1833,0
1834,1
1835,1
1836,2
1837,0
1838,0
1839,0
1840,1
1841,2
1842,0
1843,0
1844,2
1845,2
1846,2
1847,2
1848,1
1849,2
1850,2
1851,0
1852,1
1853,1
1854,1
1855,2
1856,2
1857,1
1858,1
1859,1
1860,2
1861,0
1862,1
1863,2
1864,0
1865,1
1866,2
1867,0
1868,1
1869,1
1870,0
1871,2
1872,1
1873,0
1874,1
1875,2
1876,2
1877,0
1878,1
1879,0
1880,1
1881,1
1882,0
1883,2
1884,1
1885,2
1886,0
1887,2
1888,0
1889,2
1890,1
1891,0
1892,1
1893,0
1894,0
1895,1
1896,2
1897,0
1898,0
1899,1
1900,0
1901,0
1902,1
1903,1
1904,2
1905,1
1906,2
1907,1
1908,1
1909,0
1910,1
1911,1
1912,1
1913,0
1914,1
1915,1
1916,1
1917,1
1918,0
1919,0
1920,0
1921,2
1922,1
1923,0
1924,2
1925,1
1926,0
1927,2
1928,2
1929,0
1930,1
1931,0
1932,2
1933,0
1934,1
1935,0
1936,1
1937,0
1938,1
1939,1
1940,0
1941,1
1942,0
1943,2
1944,1
1945,1
1946,1
1947,1
1948,2
1949,2
1950,1
1951,1
1952,1
1953,0
1954,2
1955,0
1956,0
1957,0
1958,0
1959,2
1960,0
1961,2
1962,1
1963,0
1964,0
1965,0
1966,0
1967,0
1968,2
1969,2
1970,2
1971,0
1972,1
1973,1
1974,2
1975,1
1976,2
1977,0
1978,2
1979,2
1980,2
1981,2
1982,2
1983,1
1984,1
1985,1
1986,1
1987,1
1988,1
1989,2
1990,2
1991,2
1992,0
1993,2
1994,1
1995,0
1996,1
1997,2
1998,1
1999,0
2000,1
2001,0
2002,0
2003,1
2004,0
2005,1
2006,0
2007,1
2008,2
2009,2
2010,1
2011,2
2012,1
2013,2
2014,1
2015,0
2016,2
2017,0
2018,0
2019,2
2020,2
2021,2
2022,2
2023,2
2024,0
2025,2
2026,2
2027,1
2028,2
2029,1
2030,2
2031,1
2032,0
2033,0
2034,2
2035,0
2036,1
2037,0
2038,0
2039,2
2040,1
2041,2
2042,0
2043,0
2044,0
2045,2
2046,2
2047,1
2048,2
2049,0
2050,1
2051,2
2052,1
2053,2
2054,2
2055,2
2056,1
2057,1
2058,0
2059,2
2060,1
2061,0
2062,1
2063,0
2064,0
2065,1
2066,0
2067,2
2068,2
2069,1
2070,0
2071,1
2072,0
2073,0
2074,0
2075,0
2076,1
2077,1
2078,0
2079,0
2080,0
2081,0
2082,2
2083,1
2084,2
2085,1
2086,2
2087,0
2088,1
2089,1
2090,0
2091,1
2092,0
2093,2
2094,1
2095,1
2096,1
2097,0
2098,1
2099,1
2100,0
2101,0
2102,2
2103,0
2104,1
2105,2
2106,2
2107,2
2108,2
2109,0
2110,1
2111,2
2112,2
2113,1
2114,1
2115,1
2116,1
2117,2
2118,0
2119,1
2120,0
2121,0
2122,0
2123,2
2124,2
2125,2
2126,0
2127,1
2128,0
2129,2
2130,0
2131,1
2132,0
2133,1
2134,2
2135,0
2136,1
2137,0
2138,0
2139,1
2140,1
2141,1
2142,1
2143,0
2144,2
2145,2
2146,1
2147,1
2148,2
2149,1
2150,1
2151,0
2152,1
2153,2
2154,0
2155,2
2156,1
2157,1
2158,1
2159,2
2160,2
2161,1
2162,2
2163,1
2164,2
2165,1
2166,1
2167,1
2168,2
2169,1
2170,2
2171,0
2172,2
2173,0
2174,0
2175,1
2176,1
2177,2
2178,0
2179,2
2180,2
2181,1
2182,1
2183,0
2184,0
2185,2
2186,0
2187,1
2188,0
2189,0
2190,2
2191,2
2192,0
2193,1
2194,0
2195,0
2196,1
2197,0
2198,0
2199,1
2200,2
2201,2
2202,2
2203,1
2204,2
2205,0
2206,1
2207,2
2208,1
2209,2
2210,1
2211,0
2212,0
2213,0
2214,0
2215,2
2216,0
2217,0
2218,0
2219,2
2220,0
2221,0
2222,1
2223,0
2224,1
2225,1
2226,1
2227,0
2228,0
2229,0
2230,0
2231,0
2232,1
2233,0
2234,0
2235,1
2236,0
2237,2
2238,1
2239,0
2240,2
2241,0
2242,1
2243,0
2244,0
2245,1
2246,0
2247,1
2248,2
2249,0
2250,0
2251,1
2252,0
2253,0
2254,0
2255,2
2256,1
2257,1
2258,1
2259,2
2260,1
2261,2
2262,2
2263,2
2264,0
2265,2
2266,2
2267,0
2268,0
2269,0
2270,2
2271,1
2272,0
2273,0
2274,1
2275,2
2276,2
2277,0
2278,1
2279,0
2280,0
2281,1
2282,0
2283,2
2284,1
2285,1
2286,1
2287,0
2288,2
2289,1
2290,1
2291,2
2292,0
2293,0
2294,1
2295,2
2296,2
2297,1
2298,1
2299,2
2300,0
2301,0
2302,1
2303,2
2304,2
2305,1
2306,2
2307,0
2308,1
2309,1
2310,0
2311,0
2312,2
2313,2
2314,2
2315,1
2316,1
2317,0
2318,0
2319,2
2320,0
2321,0
2322,0
2323,1
2324,1
2325,2
2326,1
2327,0
2328,1
2329,1
2330,1
2331,2
2332,0
2333,2
2334,2
2335,0
2336,2
2337,0
2338,0
2339,1
2340,2
2341,1
2342,2
2343,2
2344,0
2345,0
2346,0
2347,0
2348,2
2349,1
2350,2
2351,2
2352,2
2353,2
2354,1
2355,1
2356,0
2357,2
2358,1
2359,0
2360,2
2361,2
2362,0
2363,1
2364,1
2365,1
2366,0
2367,2
2368,0
2369,1
2370,0
2371,2
2372,1
2373,1
2374,1
2375,2
2376,0
2377,2
2378,2
2379,0
2380,1
2381,2
2382,0
2383,0
2384,0
2385,2
2386,0
2387,0
2388,2
2389,1
2390,0
2391,1
2392,2
2393,1
2394,0
2395,1
2396,2
2397,1
2398,1
2399,0
2400,2
2401,1
2402,2
2403,1
2404,0
2405,2
2406,1
2407,0
2408,0
2409,0
2410,0
2411,2
2412,0
2413,0
2414,1
2415,0
2416,0
2417,0
2418,2
2419,2
2420,2
2421,2
2422,1
2423,2
2424,1
2425,2
2426,0
2427,0
2428,2
2429,0
2430,1
2431,2
2432,1
2433,2
2434,2
2435,2
2436,2
2437,1
2438,2
2439,2
2440,1
2441,1
2442,0
2443,0
2444,2
2445,0
2446,1
2447,0
2448,0
2449,1
2450,2
2451,2
2452,0
2453,0
2454,2
2455,0
2456,2
2457,2
2458,1
2459,1
2460,2
2461,2
2462,2
2463,2
2464,2
2465,1
2466,0
2467,0
2468,0
2469,1
2470,0
2471,1
2472,1
2473,1
2474,1
2475,0
2476,2
2477,0
2478,0
2479,1
2480,2
2481,1
2482,2
2483,0
2484,2
2485,2
2486,0
2487,1
2488,1
2489,0
2490,2
2491,1
2492,0
2493,1
2494,1
2495,2
2496,2
2497,0
2498,2
2499,1
2500,2
2501,1
2502,1
2503,0
2504,2
2505,0
2506,1
2507,0
2508,0
2509,2
2510,0
2511,2
2512,0
2513,0
2514,0
2515,0
2516,1
2517,0
2518,0
2519,2
2520,1
2521,1
2522,1
2523,0
2524,2
2525,1
2526,0
2527,2
2528,2
2529,1
2530,1
2531,2
2532,2
2533,1
2534,0
2535,2
2536,1
2537,2
2538,1
2539,1
2540,1
2541,1
2542,2
2543,1
2544,1
2545,1
2546,2
2547,0
2548,1
2549,2
2550,2
2551,2
2552,2
2553,0
2554,2
2555,1
2556,2
2557,1
2558,1
2559,1
2560,1
2561,1
2562,1
2563,2
2564,0
2565,1
2566,0
2567,1
2568,2
2569,2
2570,1
2571,1
2572,0
2573,1
2574,0
2575,2
2576,2
2577,2
2578,0
2579,0
2580,0
2581,1
2582,2
2583,0
2584,1
2585,2
2586,0
2587,0
2588,2
2589,1
2590,2
2591,2
2592,0
2593,0
2594,2
2595,1
2596,1
2597,1
2598,2
2599,2
2600,2
2601,0
2602,1
2603,2
2604,2
2605,1
2606,1
2607,0
2608,2
2609,1
2610,2
2611,0
2612,1
2613,0
2614,0
2615,2
2616,2
2617,2
2618,2
2619,0
2620,2
2621,0
2622,1
2623,0
2624,0
2625,1
2626,1
2627,0
2628,2
2629,0
2630,2
2631,2
2632,2
2633,0
2634,0
2635,1
2636,1
2637,2
2638,2
2639,0
2640,0
2641,0
2642,0
2643,2
2644,1
2645,0
2646,0
2647,2
2648,2
2649,0
2650,0
2651,2
2652,0
2653,2
2654,0
2655,2
2656,2
2657,1
2658,1
2659,2
2660,2
2661,2
2662,0
2663,2
2664,0
2665,2
2666,1
2667,2
2668,0
2669,0
2670,1
2671,2
2672,1
2673,1
2674,1
2675,0
2676,1
2677,0
2678,2
2679,2
2680,2
2681,0
2682,1
2683,2
2684,1
2685,0
2686,0
2687,0
2688,0
2689,0
2690,0
2691,2
2692,1
2693,1
2694,1
2695,2
2696,2
2697,0
2698,2
2699,1
2700,1
2701,0
2702,0
2703,0
2704,2
2705,2
2706,0
2707,1
2708,2
2709,2
2710,1
2711,1
2712,0
2713,0
2714,1
2715,0
2716,2
2717,0
2718,1
2719,0
2720,1
2721,2
2722,2
2723,2
2724,0
2725,2
2726,0
2727,0
2728,2
2729,0
2730,1
2731,0
2732,0
2733,0
2734,2
2735,2
2736,0
2737,0
2738,1
2739,2
2740,0
2741,2
2742,0
2743,1
2744,2
2745,0
2746,0
2747,2
2748,2
2749,1
2750,0
2751,2
2752,1
2753,1
2754,0
2755,2
2756,0
2757,0
2758,1
2759,2
2760,1
2761,2
2762,0
2763,1
2764,1
2765,2
2766,1
2767,1
2768,0
2769,1
2770,2
2771,2
2772,2
2773,2
2774,1
2775,1
2776,2
2777,0
2778,1
2779,2
2780,1
2781,2
2782,1
2783,0
2784,2
2785,0
2786,2
2787,0
2788,1
2789,1
2790,2
2791,1
2792,0
2793,0
2794,0
2795,0
2796,2
2797,1
2798,1
2799,0
2800,1
2801,0
2802,0
2803,1
2804,2
2805,2
2806,1
2807,2
2808,1
2809,1
2810,1
2811,2
2812,2
2813,2
2814,1
2815,1
2816,2
2817,2
2818,1
2819,1
2820,2
2821,0
2822,2
2823,2
2824,0
2825,1
2826,0
2827,2
2828,1
2829,0
2830,1
2831,1
2832,0
2833,2
2834,1
2835,2
2836,1
2837,1
2838,2
2839,1
2840,2
2841,0
2842,1
2843,1
2844,0
2845,2
2846,2
2847,1
2848,1
2849,2
2850,1
2851,2
2852,1
2853,2
2854,2
2855,0
2856,2
2857,1
2858,1
2859,1
2860,1
2861,2
2862,2
2863,2
2864,0
2865,2
2866,1
2867,1
2868,1
2869,1
2870,0
2871,1
2872,0
2873,0
2874,2
2875,1
2876,1
2877,1
2878,0
2879,1
2880,0
2881,1
2882,0
2883,1
2884,1
2885,2
2886,0
2887,2
2888,0
2889,0
2890,1
2891,0
2892,0
2893,2
2894,1
2895,2
2896,1
2897,0
2898,0
2899,2
2900,2
2901,1
2902,2
2903,2
2904,0
2905,0
2906,0
2907,1
2908,2
2909,1
2910,0
2911,1
2912,0
2913,2
2914,0
2915,0
2916,0
2917,1
2918,2
2919,2
2920,2
2921,2
2922,1
2923,1
2924,2
2925,2
2926,1
2927,1
2928,0
2929,0
2930,2
2931,2
2932,1
2933,2
2934,2
2935,0
2936,2
2937,0
2938,0
2939,0
2940,0
2941,2
2942,0
2943,1
2944,1
2945,1
2946,2
2947,1
2948,1
2949,1
2950,2
2951,2
2952,0
2953,2
2954,0
2955,2
2956,2
2957,1
2958,0
2959,1
2960,2
2961,2
2962,0
2963,1
2964,0
2965,0
2966,2
2967,1
2968,2
2969,1
2970,2
2971,2
2972,0
2973,1
2974,2
2975,0
2976,2
2977,0
2978,0
2979,1
2980,0
2981,2
2982,1
2983,2
2984,0
2985,1
2986,2
2987,0
2988,2
2989,1
2990,2
2991,0
2992,0
2993,0
2994,2
2995,2
2996,0
2997,1
2998,1
2999,0
3000,2
3001,0
3002,0
3003,1
3004,1
3005,1
3006,1
3007,1
3008,0
3009,0
3010,1
3011,2
3012,1
3013,2
3014,2
3015,1
3016,0
3017,1
3018,0
3019,1
3020,0
3021,2
3022,1
3023,0
3024,2
3025,0
3026,2
3027,2
3028,0
3029,1
3030,1
3031,2
3032,0
3033,2
3034,0
3035,0
3036,1
3037,0
3038,0
3039,0
3040,1
3041,2
3042,2
3043,0
3044,1
3045,2
3046,1
3047,1
3048,0
3049,0
3050,2
3051,2
3052,2
3053,1
3054,1
3055,1
3056,0
3057,1
3058,1
3059,0
3060,1
3061,2
3062,0
3063,1
3064,2
3065,0
3066,0
3067,0
3068,0
3069,1
3070,2
3071,2
3072,1
3073,2
3074,0
3075,2
3076,2
3077,0
3078,2
3079,0
3080,0
3081,1
3082,0
3083,2
3084,1
3085,0
3086,0
3087,0
3088,2
3089,2
3090,1
3091,0
3092,1
3093,0
3094,2
3095,0
3096,2
3097,2
3098,2
3099,1
3100,0
3101,2
3102,0
3103,1
3104,1
3105,2
3106,1
3107,2
3108,1
3109,2
3110,1
3111,0
3112,2
3113,1
3114,0
3115,0
3116,2
3117,0
3118,2
3119,0
3120,1
3121,1
3122,2
3123,1
3124,1
3125,2
3126,2
3127,0
3128,1
3129,1
3130,0
3131,1
3132,0
3133,1
3134,2
3135,1
3136,1
3137,2
3138,2
3139,2
3140,2
3141,2
3142,0
3143,1
3144,0
3145,2
3146,1
3147,2
3148,1
3149,2
3150,1
3151,2
3152,1
3153,1
3154,1
3155,0
3156,2
3157,2
3158,0
3159,2
3160,2
3161,1
3162,2
3163,0
3164,0
3165,2
3166,2
3167,0
3168,0
3169,2
3170,2
3171,1
3172,0
3173,2
3174,2
3175,0
3176,2
3177,2
3178,2
3179,2
3180,2
3181,0
3182,1
3183,2
3184,0
3185,0
3186,1
3187,0
3188,1
3189,1
3190,2
3191,2
3192,1
3193,2
3194,0
3195,2
3196,1
3197,0
3198,2
3199,2
3200,2
3201,1
3202,1
3203,1
3204,0
3205,2
3206,0
3207,0
3208,2
3209,1
3210,1
3211,2
3212,2
3213,2
3214,0
3215,1
3216,1
3217,1
3218,2
3219,2
3220,0
3221,0
3222,0
3223,0
3224,0
3225,0
3226,0
3227,2
3228,1
3229,1
3230,0
3231,0
3232,1
3233,0
3234,1
3235,2
3236,2
3237,0
3238,0
3239,1
3240,2
3241,1
3242,0
3243,1
3244,0
3245,1
3246,1
3247,1
3248,2
3249,0
3250,0
3251,1
3252,2
3253,1
3254,2
3255,1
3256,0
3257,0
3258,2
3259,0
3260,2
3261,1
3262,0
3263,1
3264,2
3265,0
3266,1
3267,1
3268,1
3269,1
3270,2
3271,1
3272,0
3273,2
3274,1
3275,0
3276,1
3277,2
3278,2
3279,0
3280,1
3281,0
3282,0
3283,0
3284,2
3285,2
3286,0
3287,1
3288,1
3289,2
3290,0
3291,2
3292,1
3293,0
3294,2
3295,2
3296,0
3297,2
3298,2
3299,0
3300,2
3301,0
3302,1
3303,0
3304,2
3305,1
3306,2
3307,2
3308,1
3309,1
3310,2
3311,1
3312,2
3313,2
3314,2
3315,1
3316,2
3317,1
3318,2
3319,0
3320,1
3321,0
3322,0
3323,0
3324,2
3325,0
3326,1
3327,0
3328,1
3329,1
3330,1
3331,1
3332,2
3333,0
3334,2
3335,1
3336,2
3337,2
3338,1
3339,1
3340,0
3341,0
3342,0
3343,0
3344,0
3345,2
3346,0
3347,2
3348,1
3349,2
3350,2
3351,0
3352,1
3353,2
3354,0
3355,0
3356,1
3357,2
3358,0
3359,0
3360,2
3361,0
3362,1
3363,1
3364,1
3365,2
3366,0
3367,2
3368,1
3369,1
3370,2
3371,2
3372,1
3373,1
3374,0
3375,2
3376,1
3377,1
3378,1
3379,1
3380,1
3381,0
3382,2
3383,2
3384,1
3385,0
3386,1
3387,1
3388,0
3389,2
3390,1
3391,0
3392,1
3393,1
3394,0
3395,0
3396,0
3397,2
3398,1
3399,1
3400,0
3401,1
3402,2
3403,2
3404,2
3405,0
3406,2
3407,1
3408,2
3409,0
3410,0
3411,2
3412,2
3413,2
3414,1
3415,0
3416,1
3417,2
3418,0
3419,2
3420,0
3421,1
3422,1
3423,0
3424,1
3425,2
3426,1
3427,1
3428,0
3429,2
3430,1
3431,2
3432,0
3433,2
3434,2
3435,1
3436,2
3437,2
3438,0
3439,0
3440,2
3441,0
3442,2
3443,1
3444,1
3445,0
3446,0
3447,1
3448,1
3449,2
3450,2
3451,2
3452,0
3453,2
3454,2
3455,2
3456,1
3457,2
3458,2
3459,2
3460,2
3461,1
3462,2
3463,2
3464,0
3465,2
3466,1
3467,2
3468,1
3469,1
3470,1
3471,0
3472,2
3473,2
3474,1
3475,1
3476,2
3477,1
3478,0
3479,0
3480,1
3481,1
3482,2
3483,1
3484,0
3485,2
3486,1
3487,1
3488,2
3489,1
3490,1
3491,0
3492,2
3493,1
3494,1
3495,1
3496,0
3497,0
3498,1
3499,2
3500,0
3501,1
3502,0
3503,2
3504,2
3505,1
3506,2
3507,2
3508,1
3509,2
3510,0
3511,1
3512,2
3513,1
3514,2
3515,2
3516,0
3517,2
3518,0
3519,2
3520,1
3521,1
3522,0
3523,1
3524,1
3525,0
3526,0
3527,0
3528,2
3529,0
3530,1
3531,2
3532,1
3533,0
3534,2
3535,0
3536,1
3537,0
3538,2
3539,2
3540,1
3541,0
3542,1
3543,1
3544,1
3545,2
3546,2
3547,2
3548,0
3549,1
3550,0
3551,2
3552,2
3553,1
3554,1
3555,0
3556,1
3557,2
3558,1
3559,0
3560,2
3561,0
3562,2
3563,1
3564,1
3565,2
3566,2
3567,1
3568,0
3569,2
3570,2
3571,1
3572,0
3573,0
3574,1
3575,2
3576,0
3577,1
3578,1
3579,1
3580,0
3581,1
3582,0
3583,2
3584,2
3585,0
3586,0
3587,2
3588,1
3589,1
3590,0
3591,0
3592,0
3593,0
3594,1
3595,2
3596,0
3597,0
3598,0
3599,1
3600,0
3601,1
3602,0
3603,2
3604,1
3605,2
3606,0
3607,1
3608,2
3609,2
3610,0
3611,1
3612,2
3613,0
3614,0
3615,1
3616,1
3617,0
3618,2
3619,1
3620,1
3621,0
3622,0
3623,2
3624,0
3625,2
3626,2
3627,2
3628,0
3629,2
3630,0
3631,1
3632,0
3633,2
3634,1
3635,2
3636,0
3637,0
3638,1
3639,1
3640,0
3641,1
3642,0
3643,0
3644,1
3645,0
3646,0
3647,2
3648,2
3649,2
3650,0
3651,2
3652,1
3653,2
3654,2
3655,2
3656,2
3657,0
3658,2
3659,0
3660,2
3661,0
3662,0
3663,1
3664,1
3665,1
3666,1
3667,1
3668,1
3669,0
3670,1
3671,2
3672,1
3673,0
3674,1
3675,1
3676,2
3677,0
3678,0
3679,1
3680,2
3681,1
3682,2
3683,0
3684,0
3685,1
3686,0
3687,0
3688,0
3689,0
3690,0
3691,0
3692,0
3693,0
3694,2
3695,2
3696,1
3697,1
3698,1
3699,0
3700,2
3701,2
3702,1
3703,2
3704,2
3705,0
3706,2
3707,0
3708,0
3709,1
3710,0
3711,1
3712,0
3713,1
3714,2
3715,1
3716,0
3717,1
3718,1
3719,0
3720,1
3721,1
3722,1
3723,0
3724,0
3725,1
3726,1
3727,0
3728,2
3729,0
3730,2
3731,0
3732,1
3733,1
3734,0
3735,0
3736,0
3737,2
3738,1
3739,0
3740,0
3741,0
3742,2
3743,0
3744,1
3745,0
3746,0
3747,2
3748,1
3749,0
3750,0
3751,0
3752,1
3753,0
3754,1
3755,1
3756,1
3757,0
3758,2
3759,1
3760,0
3761,0
3762,1
3763,0
3764,1
3765,2
3766,2
3767,1
3768,0
3769,1
3770,1
3771,2
3772,1
3773,0
3774,1
3775,2
3776,0
3777,2
3778,0
3779,0
3780,2
3781,2
3782,0
3783,2
3784,2
3785,2
3786,1
3787,0
3788,0
3789,2
3790,0
3791,1
3792,1
3793,2
3794,2
3795,2
3796,1
3797,2
3798,0
3799,0
3800,2
3801,2
3802,1
3803,2
3804,1
3805,2
3806,0
3807,0
3808,2
3809,2
3810,1
3811,2
3812,0
3813,1
3814,0
3815,2
3816,2
3817,2
3818,2
3819,2
3820,0
3821,2
3822,1
3823,2
3824,0
3825,0
3826,0
3827,1
3828,1
3829,0
3830,1
3831,0
3832,0
3833,1
3834,0
3835,0
3836,0
3837,2
3838,1
3839,2
3840,2
3841,2
3842,1
3843,0
3844,1
3845,2
3846,2
3847,2
3848,1
3849,2
3850,2
3851,2
3852,1
3853,2
3854,1
3855,0
3856,1
3857,2
3858,2
3859,2
3860,0
3861,0
3862,1
3863,1
3864,2
3865,0
3866,0
3867,0
3868,2
3869,2
3870,1
3871,1
3872,2
3873,0
3874,0
3875,0
3876,0
3877,2
3878,2
3879,1
3880,1
3881,1
3882,0
3883,0
3884,1
3885,2
3886,1
3887,1
3888,0
3889,1
3890,1
3891,1
3892,2
3893,2
3894,2
3895,2
3896,2
3897,2
3898,2
3899,2
3900,0
3901,0
3902,2
3903,2
3904,2
3905,0
3906,2
3907,1
3908,2
3909,2
3910,2
3911,0
3912,1
3913,0
3914,1
3915,1
3916,0
3917,1
3918,2
3919,0
3920,0
3921,0
3922,2
3923,2
3924,2
3925,0
3926,0
3927,0
3928,0
3929,1
3930,2
3931,0
3932,0
3933,1
3934,1
3935,2
3936,0
3937,0
3938,1
3939,0
3940,0
3941,2
3942,1
3943,2
3944,1
3945,0
3946,1
3947,0
3948,0
3949,1
3950,0
3951,1
3952,1
3953,2
3954,2
3955,2
3956,2
3957,2
3958,0
3959,0
3960,0
3961,0
3962,2
3963,2
3964,1
3965,1
3966,0
3967,1
3968,1
3969,0
3970,0
3971,2
3972,1
3973,0
3974,0
3975,0
3976,2
3977,1
3978,2
3979,2
3980,2
3981,1
3982,0
3983,0
3984,0
3985,0
3986,0
3987,2
3988,0
3989,0
3990,0
3991,0
3992,1
3993,1
3994,2
3995,0
3996,1
3997,1
3998,2
3999,2
4000,1
4001,2
4002,1
4003,2
4004,2
4005,0
4006,1
4007,1
4008,2
4009,0
4010,0
4011,1
4012,0
4013,2
4014,0
4015,1
4016,0
4017,1
4018,2
4019,2
4020,0
4021,1
4022,2
4023,2
4024,0
4025,2
4026,1
4027,1
4028,1
4029,2
4030,0
4031,0
4032,2
4033,0
4034,0
4035,1
4036,0
4037,2
4038,1
4039,0
4040,1
4041,1
4042,0
4043,2
4044,0
4045,2
4046,1
4047,1
4048,0
4049,0
4050,1
4051,1
4052,2
4053,1
4054,1
4055,1
4056,1
4057,1
4058,0
4059,0
4060,2
4061,0
4062,2
4063,1
4064,1
4065,2
4066,0
4067,2
4068,1
4069,0
4070,0
4071,1
4072,0
4073,0
4074,0
4075,0
4076,2
4077,0
4078,1
4079,0
4080,1
4081,0
4082,0
4083,0
4084,0
4085,1
4086,1
4087,2
4088,1
4089,2
4090,1
4091,2
4092,2
4093,0
4094,0
4095,0
4096,1
4097,2
4098,1
4099,1
4100,1
4101,2
4102,0
4103,1
4104,1
4105,0
4106,1
4107,0
4108,2
4109,0
4110,0
4111,2
4112,0
4113,1
4114,0
4115,0
4116,2
4117,1
4118,0
4119,0
4120,0
4121,1
4122,0
4123,2
4124,2
4125,2
4126,0
4127,0
4128,0
4129,0
4130,1
4131,2
4132,0
4133,0
4134,0
4135,2
4136,1
4137,0
4138,1
4139,1
4140,0
4141,1
4142,1
4143,1
4144,0
4145,2
4146,0
4147,0
4148,0
4149,1
4150,2
4151,1
4152,2
4153,2
4154,1
4155,0
4156,0
4157,1
4158,2
4159,0
4160,2
4161,0
4162,0
4163,1
4164,0
4165,0
4166,2
4167,1
4168,1
4169,2
4170,1
4171,0
4172,2
4173,1
4174,2
4175,2
4176,1
4177,2
4178,0
4179,2
4180,0
4181,2
4182,1
4183,1
4184,0
4185,0
4186,2
4187,2
4188,2
4189,1
4190,1
4191,2
4192,0
4193,2
4194,1
4195,0
4196,2
4197,0
4198,2
4199,1
4200,0
4201,2
4202,2
4203,1
4204,2
4205,0
4206,0
4207,2
4208,1
4209,1
4210,2
4211,1
4212,1
4213,1
4214,2
4215,2
4216,0
4217,0
4218,1
4219,1
4220,1
4221,2
4222,0
4223,0
4224,0
4225,0
4226,2
4227,0
4228,2
4229,0
4230,1
4231,0
4232,1
4233,1
4234,2
4235,1
4236,0
4237,1
4238,1
4239,1
4240,2
4241,2
4242,1
4243,0
4244,2
4245,1
4246,0
4247,1
4248,0
4249,0
4250,2
4251,2
4252,1
4253,1
4254,1
4255,2
4256,0
4257,0
4258,1
4259,2
4260,2
4261,1
4262,0
4263,2
4264,2
4265,2
4266,2
4267,2
4268,1
4269,2
4270,1
4271,1
4272,0
4273,2
4274,0
4275,0
4276,0
4277,0
4278,1
4279,1
4280,0
4281,2
4282,1
4283,0
4284,2
4285,2
4286,1
4287,0
4288,1
4289,2
4290,1
4291,0
4292,2
4293,2
4294,1
4295,0
4296,1
4297,0
4298,0
4299,1
4300,0
4301,1
4302,2
4303,2
4304,2
4305,2
4306,1
4307,0
4308,2
4309,0
4310,1
4311,2
4312,0
4313,2
4314,1
4315,2
4316,0
4317,0
4318,0
4319,2
4320,0
4321,0
4322,0
4323,1
4324,1
4325,0
4326,1
4327,1
4328,1
4329,1
4330,2
4331,1
4332,1
4333,0
4334,1
4335,1
4336,2
4337,1
4338,0
4339,1
4340,2
4341,2
4342,2
4343,2
4344,0
4345,2
4346,0
4347,2
4348,1
4349,0
4350,1
4351,0
4352,1
4353,1
4354,1
4355,0
4356,2
4357,0
4358,2
4359,2
4360,1
4361,0
4362,2
4363,0
4364,1
4365,2
4366,1
4367,1
4368,0
4369,0
4370,2
4371,2
4372,1
4373,0
4374,2
4375,1
4376,2
4377,0
4378,0
4379,2
4380,1
4381,0
4382,1
4383,2
4384,2
4385,1
4386,0
4387,0
4388,0
4389,1
4390,2
4391,0
4392,1
4393,0
4394,0
4395,1
4396,1
4397,2
4398,2
4399,0
4400,1
4401,2
4402,0
4403,1
4404,1
4405,0
4406,1
4407,1
4408,2
4409,1
4410,0
4411,0
4412,0
4413,1
4414,1
4415,2
4416,2
4417,1
4418,1
4419,0
4420,1
4421,2
4422,0
4423,1
4424,1
4425,1
4426,1
4427,0
4428,1
4429,1
4430,0
4431,2
4432,0
4433,1
4434,1
4435,1
4436,2
4437,2
4438,0
4439,1
4440,1
4441,2
4442,1
4443,2
4444,2
4445,0
4446,0
4447,1
4448,0
4449,1
4450,0
4451,1
4452,1
4453,0
4454,1
4455,2
4456,1
4457,1
4458,1
4459,2
4460,0
4461,0
4462,2
4463,0
4464,0
4465,0
4466,0
4467,2
4468,2
4469,2
4470,1
4471,2
4472,2
4473,2
4474,1
4475,1
4476,2
4477,2
4478,1
4479,1
4480,1
4481,1
4482,2
4483,1
4484,1
4485,0
4486,2
4487,1
4488,0
4489,0
4490,0
4491,0
4492,0
4493,1
4494,1
4495,2
4496,2
4497,2
4498,2
4499,0
4500,1
4501,0
4502,1
4503,1
4504,2
4505,0
4506,2
4507,2
4508,1
4509,2
4510,0
4511,0
4512,2
4513,1
4514,2
4515,0
4516,0
4517,1
4518,1
4519,1
4520,0
4521,1
4522,0
4523,0
4524,0
4525,1
4526,2
4527,1
4528,1
4529,1
4530,0
4531,1
4532,1
4533,0
4534,1
4535,1
4536,0
4537,1
4538,2
4539,2
4540,2
4541,0
4542,0
4543,1
4544,0
4545,1
4546,0
4547,1
4548,2
4549,0
4550,2
4551,0
4552,1
4553,2
4554,0
4555,0
4556,2
4557,1
4558,1
4559,1
4560,0
4561,2
4562,1
4563,1
4564,1
4565,0
4566,2
4567,2
4568,0
4569,1
4570,2
4571,2
4572,1
4573,0
4574,0
4575,0
4576,0
4577,2
4578,0
4579,0
4580,0
4581,2
4582,2
4583,0
4584,1
4585,1
4586,1
4587,0
4588,0
4589,0
4590,2
4591,2
4592,1
4593,0
4594,0
4595,2
4596,0
4597,0
4598,0
4599,2
4600,1
4601,0
4602,2
4603,1
4604,1
4605,1
4606,2
4607,2
4608,2
4609,2
4610,1
4611,0
4612,2
4613,0
4614,0
4615,2
4616,1
4617,0
4618,0
4619,2
4620,1
4621,1
4622,1
4623,1
4624,0
4625,0
4626,0
4627,2
4628,1
4629,2
4630,0
4631,0
4632,2
4633,0
4634,2
4635,1
4636,2
4637,2
4638,0
4639,1
4640,1
4641,0
4642,2
4643,1
4644,2
4645,1
4646,1
4647,2
4648,0
4649,2
4650,2
4651,1
4652,0
4653,1
4654,0
4655,2
4656,1
4657,0
4658,2
4659,0
4660,1
4661,0
4662,0
4663,0
4664,1
4665,2
4666,1
4667,0
4668,1
4669,1
4670,0
4671,1
4672,2
4673,0
4674,2
4675,2
4676,2
4677,0
4678,1
4679,2
4680,0
4681,0
4682,2
4683,1
4684,0
4685,1
4686,1
4687,2
4688,2
4689,2
4690,2
4691,0
4692,1
4693,2
4694,2
4695,2
4696,1
4697,2
4698,0
4699,2
4700,2
4701,2
4702,1
4703,0
4704,0
4705,0
4706,2
4707,0
4708,1
4709,2
4710,2
4711,2
4712,0
4713,0
4714,1
4715,0
4716,2
4717,2
4718,2
4719,0
4720,1
4721,1
4722,0
4723,0
4724,2
4725,0
4726,0
4727,1
4728,1
4729,1
4730,2
4731,1
4732,2
4733,1
4734,1
4735,1
4736,0
4737,0
4738,0
4739,0
4740,2
4741,1
4742,2
4743,1
4744,2
4745,2
4746,1
4747,1
4748,2
4749,1
4750,0
4751,2
4752,2
4753,1
4754,2
4755,0
4756,1
4757,2
4758,2
4759,0
4760,1
4761,0
4762,2
4763,1
4764,2
4765,1
4766,2
4767,2
4768,1
4769,2
4770,2
4771,1
4772,2
4773,2
4774,0
4775,0
4776,1
4777,0
4778,1
4779,0
4780,1
4781,0
4782,0
4783,1
4784,2
4785,1
4786,1
4787,0
4788,1
4789,1
4790,2
4791,2
4792,2
4793,0
4794,1
4795,1
4796,0
4797,2
4798,0
4799,0
4800,0
4801,1
4802,0
4803,1
4804,0
4805,0
4806,1
4807,0
4808,2
4809,0
4810,0
4811,1
4812,0
4813,2
4814,2
4815,2
4816,0
4817,0
4818,0
4819,2
4820,1
4821,0
4822,0
4823,2
4824,0
4825,1
4826,2
4827,0
4828,1
4829,1
4830,0
4831,1
4832,0
4833,0
4834,2
4835,1
4836,2
4837,2
4838,0
4839,1
4840,0
4841,0
4842,1
4843,2
4844,1
4845,2
4846,2
4847,1
4848,1
4849,0
4850,2
4851,1
4852,2
4853,1
4854,2
4855,1
4856,2
4857,2
4858,1
4859,0
4860,2
4861,1
4862,0
4863,0
4864,0
4865,0
4866,1
4867,0
4868,2
4869,0
4870,0
4871,0
4872,1
4873,0
4874,2
4875,0
4876,2
4877,0
4878,0
4879,0
4880,2
4881,0
4882,1
4883,2
4884,2
4885,0
4886,0
4887,0
4888,2
4889,2
4890,2
4891,1
4892,2
4893,1
4894,1
4895,0
4896,2
4897,0
4898,2
4899,0
4900,0
4901,0
4902,2
4903,1
4904,1
4905,0
4906,0
4907,0
4908,2
4909,1
4910,0
4911,0
4912,0
4913,0
4914,1
4915,0
4916,0
4917,1
4918,2
4919,1
4920,0
4921,0
4922,0
4923,0
4924,2
4925,1
4926,0
4927,2
4928,2
4929,2
4930,0
4931,1
4932,2
4933,0
4934,2
4935,2
4936,1
4937,2
4938,1
4939,2
4940,1
4941,0
4942,0
4943,0
4944,1
4945,1
4946,2
4947,1
4948,0
4949,1
4950,1
4951,1
4952,0
4953,0
4954,1
4955,2
4956,2
4957,2
4958,0
4959,1
4960,2
4961,1
4962,2
4963,1
4964,2
4965,2
4966,2
4967,1
4968,2
4969,1
4970,2
4971,2
4972,2
4973,1
4974,1
4975,0
4976,2
4977,1
4978,2
4979,1
4980,2
4981,1
4982,2
4983,0
4984,2
4985,1
4986,1
4987,1
4988,2
4989,0
4990,0
4991,1
4992,2
4993,2
4994,1
4995,1
4996,1
4997,1
4998,0
4999,2
